<?xml version="1.0" encoding="utf-8"?><!-- Copyright (c) Microsoft Corporation.  All rights reserved. --><GroupPolicyBackupScheme bkp:version="2.0" bkp:type="GroupPolicyBackupTemplate" xmlns:bkp="http://www.microsoft.com/GroupPolicy/GPOOperations" xmlns="http://www.microsoft.com/GroupPolicy/GPOOperations">
    <GroupPolicyObject><SecurityGroups><Group bkp:Source="FromDACL"><Sid><![CDATA[S-1-5-21-1212068135-2603357374-1097645060-519]]></Sid><SamAccountName><![CDATA[Enterprise Admins]]></SamAccountName><Type><![CDATA[UniversalGroup]]></Type><NetBIOSDomainName><![CDATA[PROMETHEUS]]></NetBIOSDomainName><DnsDomainName><![CDATA[prometheus.corp]]></DnsDomainName><UPN><![CDATA[Enterprise Admins@prometheus.corp]]></UPN></Group><Group bkp:Source="FromDACL"><Sid><![CDATA[S-1-5-21-1212068135-2603357374-1097645060-512]]></Sid><SamAccountName><![CDATA[Domain Admins]]></SamAccountName><Type><![CDATA[GlobalGroup]]></Type><NetBIOSDomainName><![CDATA[PROMETHEUS]]></NetBIOSDomainName><DnsDomainName><![CDATA[prometheus.corp]]></DnsDomainName><UPN><![CDATA[Domain Admins@prometheus.corp]]></UPN></Group></SecurityGroups><FilePaths><Path><![CDATA[\\prometheus.corp\SYSVOL\prometheus.corp\scripts]]></Path></FilePaths><GroupPolicyCoreSettings><ID><![CDATA[{3971B651-A7C3-4F1B-A877-6286A20A30E4}]]></ID><Domain><![CDATA[prometheus.corp]]></Domain><SecurityDescriptor>01 00 04 9c 00 00 00 00 00 00 00 00 00 00 00 00 14 00 00 00 04 00 ec 00 08 00 00 00 05 02 28 00 00 01 00 00 01 00 00 00 8f fd ac ed b3 ff d1 11 b4 1d 00 a0 c9 68 f9 39 01 01 00 00 00 00 00 05 0b 00 00 00 00 00 24 00 ff 00 0f 00 01 05 00 00 00 00 00 05 15 00 00 00 27 b1 3e 48 be 14 2c 9b 04 bc 6c 41 00 02 00 00 00 02 24 00 ff 00 0f 00 01 05 00 00 00 00 00 05 15 00 00 00 27 b1 3e 48 be 14 2c 9b 04 bc 6c 41 00 02 00 00 00 02 24 00 ff 00 0f 00 01 05 00 00 00 00 00 05 15 00 00 00 27 b1 3e 48 be 14 2c 9b 04 bc 6c 41 07 02 00 00 00 02 14 00 94 00 02 00 01 01 00 00 00 00 00 05 09 00 00 00 00 02 14 00 94 00 02 00 01 01 00 00 00 00 00 05 0b 00 00 00 00 02 14 00 ff 00 0f 00 01 01 00 00 00 00 00 05 12 00 00 00 00 0a 14 00 ff 00 0f 00 01 01 00 00 00 00 00 03 00 00 00 00</SecurityDescriptor><DisplayName><![CDATA[Logon Script - BGInfo]]></DisplayName><Options><![CDATA[2]]></Options><UserVersionNumber><![CDATA[262148]]></UserVersionNumber><MachineVersionNumber><![CDATA[0]]></MachineVersionNumber><MachineExtensionGuids/><UserExtensionGuids><![CDATA[[{42B5FAAE-6536-11D2-AE5A-0000F87571E3}{40B66650-4972-11D1-A7CA-0000F87571E3}]]]></UserExtensionGuids><WMIFilter/></GroupPolicyCoreSettings> 
        <GroupPolicyExtension bkp:ID="{35378EAC-683F-11D2-A89A-00C04FBBCFA2}" bkp:DescName="Registry">
            
            
            <FSObjectFile bkp:Path="%GPO_FSPATH%\Adm\*.*" bkp:SourceExpandedPath="\\dc01.prometheus.corp\sysvol\prometheus.corp\Policies\{3971B651-A7C3-4F1B-A877-6286A20A30E4}\Adm\*.*"/>
        </GroupPolicyExtension>
        
        
        <GroupPolicyExtension bkp:ID="{42B5FAAE-6536-11d2-AE5A-0000F87571E3}" bkp:DescName="Scripts">
            
	    
            <FSObjectDir bkp:Path="%GPO_MACH_FSPATH%\Scripts\Startup\*" bkp:SourceExpandedPath="\\dc01.prometheus.corp\sysvol\prometheus.corp\Policies\{3971B651-A7C3-4F1B-A877-6286A20A30E4}\Machine\Scripts\Startup\*"/>
            <FSObjectFile bkp:Path="%GPO_MACH_FSPATH%\Scripts\Startup\*" bkp:SourceExpandedPath="\\dc01.prometheus.corp\sysvol\prometheus.corp\Policies\{3971B651-A7C3-4F1B-A877-6286A20A30E4}\Machine\Scripts\Startup\*"/>
            <FSObjectDir bkp:Path="%GPO_MACH_FSPATH%\Scripts\Shutdown\*" bkp:SourceExpandedPath="\\dc01.prometheus.corp\sysvol\prometheus.corp\Policies\{3971B651-A7C3-4F1B-A877-6286A20A30E4}\Machine\Scripts\Shutdown\*"/>
            <FSObjectFile bkp:Path="%GPO_MACH_FSPATH%\Scripts\Shutdown\*" bkp:SourceExpandedPath="\\dc01.prometheus.corp\sysvol\prometheus.corp\Policies\{3971B651-A7C3-4F1B-A877-6286A20A30E4}\Machine\Scripts\Shutdown\*"/>
            <FSObjectFile bkp:Path="%GPO_USER_FSPATH%\Scripts\scripts.ini" bkp:SourceExpandedPath="\\dc01.prometheus.corp\sysvol\prometheus.corp\Policies\{3971B651-A7C3-4F1B-A877-6286A20A30E4}\User\Scripts\scripts.ini" bkp:ReEvaluateFunction="ScriptsValidatePaths" bkp:Location="DomainSysvol\GPO\User\Scripts\scripts.ini"/>
	    <FSObjectFile bkp:Path="%GPO_USER_FSPATH%\Scripts\PSscripts.ini" bkp:SourceExpandedPath="\\dc01.prometheus.corp\sysvol\prometheus.corp\Policies\{3971B651-A7C3-4F1B-A877-6286A20A30E4}\User\Scripts\PSscripts.ini" bkp:Location="DomainSysvol\GPO\User\Scripts\PSscripts.ini"/>
            <FSObjectDir bkp:Path="%GPO_USER_FSPATH%\Scripts\Logon\*" bkp:SourceExpandedPath="\\dc01.prometheus.corp\sysvol\prometheus.corp\Policies\{3971B651-A7C3-4F1B-A877-6286A20A30E4}\User\Scripts\Logon\*"><FSObjectDir bkp:Path="%GPO_USER_FSPATH%\Scripts\Logon" bkp:SourceExpandedPath="\\dc01.prometheus.corp\sysvol\prometheus.corp\Policies\{3971B651-A7C3-4F1B-A877-6286A20A30E4}\User\Scripts\Logon" bkp:Location="DomainSysvol\GPO\User\Scripts\Logon"/></FSObjectDir>
            <FSObjectFile bkp:Path="%GPO_USER_FSPATH%\Scripts\Logon\*" bkp:SourceExpandedPath="\\dc01.prometheus.corp\sysvol\prometheus.corp\Policies\{3971B651-A7C3-4F1B-A877-6286A20A30E4}\User\Scripts\Logon\*"/>
            <FSObjectDir bkp:Path="%GPO_USER_FSPATH%\Scripts\Logoff\*" bkp:SourceExpandedPath="\\dc01.prometheus.corp\sysvol\prometheus.corp\Policies\{3971B651-A7C3-4F1B-A877-6286A20A30E4}\User\Scripts\Logoff\*"><FSObjectDir bkp:Path="%GPO_USER_FSPATH%\Scripts\Logoff" bkp:SourceExpandedPath="\\dc01.prometheus.corp\sysvol\prometheus.corp\Policies\{3971B651-A7C3-4F1B-A877-6286A20A30E4}\User\Scripts\Logoff" bkp:Location="DomainSysvol\GPO\User\Scripts\Logoff"/></FSObjectDir>
            <FSObjectFile bkp:Path="%GPO_USER_FSPATH%\Scripts\Logoff\*" bkp:SourceExpandedPath="\\dc01.prometheus.corp\sysvol\prometheus.corp\Policies\{3971B651-A7C3-4F1B-A877-6286A20A30E4}\User\Scripts\Logoff\*"/>
        </GroupPolicyExtension>
        
        
        
        
        
        
    <GroupPolicyExtension bkp:ID="{F15C46CD-82A0-4C2D-A210-5D0D3182A418}" bkp:DescName="Unknown Extension"><FSObjectDir bkp:Path="%GPO_USER_FSPATH%\Documents &amp; Settings" bkp:SourceExpandedPath="\\dc01.prometheus.corp\sysvol\prometheus.corp\Policies\{3971B651-A7C3-4F1B-A877-6286A20A30E4}\User\Documents &amp; Settings" bkp:Location="DomainSysvol\GPO\User\Documents &amp; Settings"/><FSObjectDir bkp:Path="%GPO_USER_FSPATH%\Scripts" bkp:SourceExpandedPath="\\dc01.prometheus.corp\sysvol\prometheus.corp\Policies\{3971B651-A7C3-4F1B-A877-6286A20A30E4}\User\Scripts" bkp:Location="DomainSysvol\GPO\User\Scripts"/></GroupPolicyExtension></GroupPolicyObject>
</GroupPolicyBackupScheme>