<BackupInst xmlns="http://www.microsoft.com/GroupPolicy/GPOOperations/Manifest"><GPOGuid><![CDATA[{3971B651-A7C3-4F1B-A877-6286A20A30E4}]]></GPOGuid><GPODomain><![CDATA[prometheus.corp]]></GPODomain><GPODomainGuid><![CDATA[{446a1ff3-43f2-479e-bb2e-54a4ec51cab8}]]></GPODomainGuid><GPODomainController><![CDATA[dc01.prometheus.corp]]></GPODomainController><BackupTime><![CDATA[2023-01-17T02:19:13]]></BackupTime><ID><![CDATA[{069B9C63-1B7A-458B-8DB3-3633EC8A04BB}]]></ID><Comment><![CDATA[]]></Comment><GPODisplayName><![CDATA[Logon Script - BGInfo]]></GPODisplayName></BackupInst>
